{
  "relu2_ltg_hr64_h6x128": [
    {
      "val_loss": [
        [
          0,
          10.830371236801147
        ],
        [
          100,
          6.38988687992096
        ],
        [
          200,
          5.829404950141907
        ],
        [
          300,
          5.560155081748962
        ],
        [
          400,
          5.447169852256775
        ],
        [
          500,
          5.286072039604187
        ],
        [
          600,
          5.215698671340943
        ],
        [
          700,
          5.223370146751404
        ],
        [
          800,
          5.081448292732238
        ],
        [
          900,
          5.0325580596923825
        ],
        [
          1000,
          5.058204913139344
        ],
        [
          1100,
          4.998821592330932
        ],
        [
          1200,
          4.962462043762207
        ],
        [
          1300,
          4.951380944252014
        ],
        [
          1400,
          4.98154981136322
        ],
        [
          1500,
          4.931884050369263
        ],
        [
          1600,
          4.816749715805054
        ],
        [
          1700,
          4.778641128540039
        ],
        [
          1800,
          4.763884878158569
        ],
        [
          1900,
          4.766957354545593
        ],
        [
          2000,
          4.837094116210937
        ],
        [
          2100,
          4.744115042686462
        ],
        [
          2200,
          4.710447096824646
        ],
        [
          2300,
          4.650379371643067
        ],
        [
          2400,
          4.656071043014526
        ],
        [
          2500,
          4.576442527770996
        ],
        [
          2600,
          4.564768552780151
        ],
        [
          2700,
          4.629135274887085
        ],
        [
          2800,
          4.542578482627869
        ],
        [
          2900,
          4.517644715309143
        ],
        [
          3000,
          4.476808357238769
        ],
        [
          3100,
          4.426691389083862
        ],
        [
          3200,
          4.44299578666687
        ],
        [
          3300,
          4.3992393016815186
        ],
        [
          3400,
          4.373958969116211
        ]
      ],
      "wallclock": [
        [
          0,
          45.013864040374756
        ],
        [
          100,
          97.80943417549133
        ],
        [
          200,
          150.6402575969696
        ],
        [
          300,
          203.4771809577942
        ],
        [
          400,
          256.3167133331299
        ],
        [
          500,
          309.1490378379822
        ],
        [
          600,
          361.97523498535156
        ],
        [
          700,
          414.7935495376587
        ],
        [
          800,
          467.6193928718567
        ],
        [
          900,
          520.44713139534
        ],
        [
          1000,
          573.2751762866974
        ],
        [
          1100,
          626.1030416488647
        ],
        [
          1200,
          678.9241602420807
        ],
        [
          1300,
          731.7421615123749
        ],
        [
          1400,
          784.5710644721985
        ],
        [
          1500,
          837.3916394710541
        ],
        [
          1600,
          890.2107667922974
        ],
        [
          1700,
          943.0372631549835
        ],
        [
          1800,
          995.8602192401886
        ],
        [
          1900,
          1048.6858351230621
        ],
        [
          2000,
          1101.5058760643005
        ],
        [
          2100,
          1154.3235960006714
        ],
        [
          2200,
          1207.1447162628174
        ],
        [
          2300,
          1259.9721035957336
        ],
        [
          2400,
          1312.8064317703247
        ],
        [
          2500,
          1365.6313898563385
        ],
        [
          2600,
          1418.4517633914948
        ],
        [
          2700,
          1471.2792818546295
        ],
        [
          2800,
          1524.1019551753998
        ],
        [
          2900,
          1576.9220340251923
        ],
        [
          3000,
          1629.7400982379913
        ],
        [
          3100,
          1682.5581555366516
        ],
        [
          3200,
          1735.383458852768
        ],
        [
          3300,
          1788.2024109363556
        ],
        [
          3400,
          1841.0258390903473
        ]
      ],
      "config": {
        "num_layers": 11,
        "model_dim": 768,
        "num_heads": 6,
        "head_dim": 128,
        "seq_len": 1024,
        "batch_size": 12,
        "total_steps": 200000,
        "warmup": 256,
        "eval_every": 100,
        "vocab_size": 50304,
        "adam_lr": 0.008,
        "adam_wd": 0.005,
        "optimizer": "normuon",
        "muon_lr": 0.02,
        "muon_beta2": 0.9,
        "muon_ortho": "polar_express",
        "act_slope": 0.0,
        "act_shift": 0.0,
        "act_curv": 1.0,
        "act_init": "gelu_minimax",
        "compile": true,
        "compile_mode": "default",
        "fp8": false,
        "target_loss": null,
        "stop_at_target": false,
        "qk_layernorm": false,
        "paired_heads": true,
        "kv_tied": false,
        "v_identity": false,
        "drop_o": false,
        "qkv_conv": 0,
        "qkv_conv_where": "qkv",
        "conv_branch": 0,
        "conv_branch_hidden": 0,
        "conv_tower": 0,
        "conv_tower_kernel": 4,
        "conv_tower_width": 0,
        "conv_tower_mode": "off",
        "skip_conv": 0,
        "logit_temp": "global",
        "unigram_bias": false,
        "head_rank": 64,
        "no_bigram": false,
        "ce_chunk": 1024,
        "softcap": 0.0,
        "max_seconds": 1800.0,
        "activation": "relu2"
      },
      "seed": 0,
      "final_loss": 4.373958969116211,
      "final_loss_smoothed": 4.423938760757446,
      "auc": 5.070144047737122,